{"nodes": [[0.0, 0.0], [1.0, 0.0], [1.0, 1.0], [0.0, 1.0], [0.4999999999999999, 0.0], [1.0, 0.4999999999999999], [0.5, 1.0], [0.0, 0.5], [0.5, 0.5], [0.3333333333333333, 0.3333333333333333], [0.6666666666666666, 0.6666666666666666], [0.16666666666666666, 0.41666666666666663], [0.8333333333333333, 0.5833333333333333]], "faces": [[3, 11, 9, 8], [11, 0, 4, 9], [8, 9, 4, 1], [3, 8, 10, 6], [8, 1, 12, 10], [6, 10, 12, 2], [7, 0, 11, 3], [5, 2, 12, 1]]}