{"nodes": [[0.0, 0.0], [1.0, 0.0], [1.0, 1.0], [0.0, 1.0], [0.4999999999999999, 0.0], [1.0, 0.4999999999999999], [0.5, 1.0], [0.0, 0.5], [0.5, 0.5], [1.0, 0.0], [0.6666666666666666, 0.6666666666666666], [1.0, 0.0]], "faces": [[3, 7, 1, 8], [7, 0, 4, 1], [3, 8, 1, 6], [6, 1, 5, 2]]}