{"nodes": [[0.0, 0.0], [1.0, 0.0], [1.0, 1.0], [0.0, 1.0], [0.4999999999999999, 0.0], [1.0, 0.4999999999999999], [0.5, 1.0], [0.0, 0.5], [0.5, 0.5], [0.3333333333333333, 0.3333333333333333], [0.0, 0.5], [1.0, 0.0]], "faces": [[7, 0, 4, 9], [7, 9, 4, 1], [3, 7, 1, 6], [6, 1, 5, 2]]}