{"nodes": [[0.0, 0.0], [1.0, 0.0], [1.0, 1.0], [0.0, 1.0], [0.4999999999999999, 0.0], [1.0, 0.4999999999999999], [0.5, 1.0], [0.0, 0.5], [0.16666666666666666, 0.41666666666666663], [0.3333333333333333, 0.3333333333333333], [0.6666666666666666, 0.6666666666666666], [0.5, 1.0]], "faces": [[3, 7, 8, 6], [7, 0, 4, 8], [6, 9, 4, 1], [6, 1, 5, 10], [6, 10, 5, 2], [9, 6, 8, 4]]}