{"nodes": [[0.0, 0.0], [1.0, 0.0], [1.0, 1.0], [0.0, 1.0], [0.4999999999999999, 0.0], [1.0, 0.4999999999999999], [0.5, 1.0], [0.0, 0.5], [0.5, 0.5], [0.0, 1.0], [0.6666666666666666, 0.6666666666666666], [0.0, 1.0]], "faces": [[7, 0, 4, 3], [8, 3, 4, 1], [8, 1, 5, 3], [6, 3, 5, 2]]}