{"nodes": [[0.0, 0.0], [1.0, 0.0], [1.0, 1.0], [0.0, 1.0], [0.4999999999999999, 0.0], [1.0, 0.4999999999999999], [0.5, 1.0], [0.0, 0.5], [0.5, 0.5], [0.3333333333333333, 0.3333333333333333], [0.6666666666666666, 0.6666666666666666], [0.75, 0.25], [0.25, 0.25]], "faces": [[3, 7, 0, 12], [12, 0, 4, 9], [8, 9, 4, 11], [3, 8, 10, 6], [8, 11, 5, 10], [6, 10, 5, 2], [1, 5, 11, 4], [8, 3, 12, 9]]}