{"nodes": [[0.0, 0.0], [1.0, 0.0], [1.0, 1.0], [0.0, 1.0], [0.4999999999999999, 0.0], [1.0, 0.4999999999999999], [0.5, 1.0], [0.0, 0.5], [0.5, 0.5], [0.3333333333333333, 0.3333333333333333], [0.6666666666666666, 0.6666666666666666], [0.5833333333333333, 0.5833333333333333]], "faces": [[3, 7, 9, 4], [7, 0, 4, 9], [3, 4, 1, 8], [3, 8, 11, 6], [8, 1, 5, 11], [6, 10, 5, 2], [10, 6, 11, 5]]}