{"nodes": [[2.0, 4.5], [2.0, 3.0], [0.5, 3.0], [0.5, 2.0], [4.5, 2.0], [4.5, 3.0], [3.0, 3.0], [3.0, 4.5], [2.0, 3.750000000003035], [1.250000000001982, 3.0], [0.5, 2.5], [2.499999999992484, 2.0], [4.5, 2.5], [3.750000000003035, 3.0], [3.0, 3.749999999999113], [2.5, 4.5], [2.5, 3.75], [1.25, 2.5], [3.75, 2.5], [2.75, 3.75], [2.25, 3.375], [2.8125, 2.96875], [2.5, 3.75], [2.75, 4.125], [3.0141509433961424, 2.650943396226415], [1.00000000000033, 2.666666666666667], [3.754716981133059, 2.7169811320754715], [2.5, 3.25], [2.5, 4.0], [2.166666666666667, 3.750000000000506], [1.833333333333333, 2.666666666666667], [1.816037735847652, 2.5377358490566038], [2.5, 4.000000000000716]], "faces": [[10, 3, 11, 31], [24, 4, 12, 26], [13, 26, 12, 5], [14, 32, 8, 1], [8, 32, 15, 0], [6, 24, 26, 13], [24, 1, 9, 31], [31, 9, 2, 10], [24, 31, 11, 4], [32, 14, 7, 15], [6, 14, 1, 24]]}