{"nodes": [[1.0, 4.0], [1.0, 1.0], [4.0, 1.0], [4.0, 4.0], [1.0, 2.500000000003965], [2.499999999996035, 1.0], [4.0, 2.499999999996035], [2.500000000003965, 4.0], [2.5, 2.5], [1.75, 1.75], [1.75, 3.25], [2.5, 3.25], [3.25, 1.75], [2.124999999999835, 2.250000000000248], [2.500000000000661, 3.5], [2.7499999999996696, 1.9999999999998348], [3.0, 2.4999999999996696]], "faces": [[5, 0, 4, 1], [7, 2, 6, 3], [0, 5, 2, 7]]}