{"nodes": [[1.0, 4.5], [0.5, 3.0], [1.0, 1.5], [2.5, 1.0], [4.5, 1.5], [4.5, 2.5], [3.0, 3.0], [4.5, 3.5], [4.5, 4.5], [2.5, 5.0], [0.7500000000009795, 3.750000000002939], [0.7499999999994191, 2.250000000001743], [1.749999999998573, 1.250000000000476], [3.499999999997795, 1.249999999999449], [4.5, 1.999999999998828], [3.750000000003224, 2.749999999998925], [3.74999999999871, 3.24999999999957], [4.5, 3.999999999998305], [3.500000000001493, 4.749999999999627], [1.750000000001386, 4.750000000000462], [3.372448979591836, 2.059523809523809], [3.311538461538461, 3.965384615384616], [2.071690214547357, 2.397741147741147], [2.077159542083052, 3.552887038006208], [2.6110347985347984, 1.6143162393162396], [2.863614970983923, 2.0784142253968576], [2.285845107273679, 1.698870573870574], [3.186224489795918, 2.529761904761905], [2.855323732932557, 3.1905186498864455], [3.936224489795918, 2.279761904761905], [3.530769230769231, 3.607692307692308], [3.155769230769231, 3.482692307692308], [1.535845107273679, 1.948870573870574], [1.7921067340026988, 3.4132919982197505], [1.530422464642581, 4.116760318290931], [0.8355897443963693, 3.0823386368295598], [1.7352858720479167, 2.6572805536488833], [3.936224489795918, 1.779761904761905], [3.905769230769231, 4.232692307692307], [3.218269230769231, 4.045192307692307], [1.905422464642581, 4.241760318290931], [1.785021836643501, 4.0837672168807915], [2.3037910033628166, 3.4598236781485694], [2.3598683062968773, 2.108414733414733], [3.6534037427462356, 2.019603556348515], [3.624149659864483, 2.519841269841091], [3.4576923076922, 3.7269230769230415], [2.301056143990743, 2.2940533572331656], [1.584037500400515, 3.3913838429145775], [1.544178381277507, 3.04375392810767], [3.8741496598642144, 2.269841269841083], [3.65133093323319, 3.797629662470987], [2.624127796941208, 4.232968417322159], [1.1711794906176372, 3.164677281472783], [1.853614976428618, 4.411173545527364], [2.790794463607874, 3.566301750655492], [2.4689078604063672, 3.6703916051039367], [3.457482993196912, 1.519841269841178], [3.437179487179736, 4.488461538461476]], "faces": [[25, 44, 15, 6], [5, 15, 44, 14], [25, 6, 28, 47], [51, 16, 7, 17], [2, 12, 47, 36], [12, 3, 25, 47], [0, 10, 53, 41], [10, 1, 35, 53], [53, 36, 56, 41], [4, 14, 44, 13], [17, 8, 18, 51], [1, 11, 53, 35], [11, 2, 36, 53], [9, 41, 56, 18], [28, 51, 18, 56], [47, 28, 56, 36], [28, 6, 16, 51], [3, 13, 44, 25], [41, 9, 19, 0]]}