{"nodes": [[1.5, 5.0], [1.0, 3.5], [0.0, 3.0], [0.0, 1.5], [4.5, 1.5], [4.5, 3.0], [3.5, 3.5], [3.0, 5.0], [1.250000000001135, 4.250000000003404], [0.5000000000017206, 3.25000000000086], [0.0, 2.250000000001706], [2.249999999992402, 1.5], [4.5, 2.249999999998248], [4.000000000001926, 3.249999999999037], [3.250000000000654, 4.249999999998037], [2.250000000001706, 5.0], [1.9792349310388229, 4.104034900558506], [0.8883258401296303, 2.8085803551038846], [2.24455155071358, 2.696563285835756], [1.75, 2.5], [3.94383906119042, 1.9107292539824134], [1.8264116436805546, 4.45134496685397], [0.46277528004378365, 2.769526785035483], [1.5, 2.833333333333333], [2.090528080470672, 3.464794635374046], [3.3876781223796657, 2.321458507963091], [4.166666666666988, 2.666666666666214]], "faces": [[7, 15, 21, 16], [15, 0, 8, 21], [16, 21, 8, 1], [3, 17, 22, 10], [17, 1, 9, 22], [10, 22, 9, 2], [24, 17, 3, 18], [7, 16, 24, 14], [16, 1, 17, 24], [14, 24, 18, 6], [18, 3, 11, 25], [20, 25, 11, 4], [18, 25, 13, 6], [20, 4, 12, 25], [13, 25, 12, 5]]}