{"nodes": [[0.5, 4.5], [0.5, 1.0], [4.0, 1.0], [4.0, 2.5], [2.0, 2.5], [2.0, 4.5], [0.5, 2.750000000005221], [2.24999999999597, 1.0], [4.0, 1.749999999998414], [3.000000000002758, 2.5], [2.0, 3.499999999997657], [1.250000000001982, 4.5], [1.25, 1.75], [1.25, 2.625], [3.0, 1.75], [1.0, 2.666666666667537], [2.166666666665995, 1.5], [1.499999999999488, 2.9375000000007194], [3.333333333333793, 1.999999999999736]], "faces": [[17, 7, 2, 10], [10, 2, 8, 4], [7, 17, 6, 1], [10, 5, 11, 17], [17, 11, 0, 6], [3, 9, 4, 8]]}