{"nodes": [[2.0, 4.5], [2.0, 3.0], [0.5, 3.0], [0.5, 2.0], [2.0, 2.0], [2.0, 0.5], [3.5, 0.5], [3.5, 2.0], [5.0, 2.0], [5.0, 3.0], [3.5, 3.0], [3.5, 4.5], [2.0, 3.750000000003035], [1.250000000001982, 3.0], [0.5, 2.5], [2.0, 1.250000000001982], [2.74999999999869, 0.5], [3.5, 1.249999999998018], [5.0, 2.5], [4.250000000003783, 3.0], [3.5, 3.749999999999113], [1.249999999998018, 2.0], [4.249999999998366, 2.0], [2.75000000000131, 4.5], [3.0, 1.249999999999835], [2.75, 3.75], [1.690329184832501, 2.403847099000489], [2.836161129540859, 3.1052998959686158], [4.13348689870677, 2.514069290593614], [2.375, 3.375], [2.7908950470680045, 4.073868432527534], [2.796875, 1.28125], [2.375, 1.625], [3.125, 1.625], [3.125, 0.875], [3.125, 4.125], [2.999935329453219, 3.3501934065196877], [2.4757159608056907, 3.1090798141728246], [2.75, 3.125], [2.84375, 1.6875], [2.5859375, 1.765625], [2.94921875, 2.0703125], [3.032831028818143, 2.8566232805623253], [2.0, 2.5], [3.5, 2.5], [3.775227113783002, 2.321102174117037], [3.7752271137835445, 2.721102174117037], [1.8946169520665521, 2.730218407779451], [2.597098434112843, 2.345008065056235], [0.875, 2.25], [1.0196004449556533, 2.540160070912311], [4.491743743402408, 2.7070347870394547], [4.491743743401866, 2.3070347870394547], [2.5666365843317287, 3.57078541330577], [2.25, 1.25000000000033], [3.25, 1.24999999999967], [3.0969434588404083, 3.7246872796821116], [2.500065593950807, 2.7602323918927087], [2.75, 1.916666666666667], [3.0, 1.916666666666667], [3.0, 3.083333333333333], [2.25, 2.5], [3.25, 2.5], [3.295095922624383, 2.5609589234631587], [1.75, 2.5], [0.75, 2.5], [4.661162495601425, 2.5046898580263033], [2.750000000000218, 4.25], [2.749999999999782, 0.75], [1.388072465674729, 2.756792826230587], [1.24999999999967, 2.166666666666667], [4.1723236190610775, 2.209378987052164], [4.172323619063246, 2.8093789870521637]], "faces": [[1, 37, 53, 12], [37, 27, 36, 53], [12, 53, 30, 0], [16, 6, 15, 5], [7, 48, 4, 17], [30, 56, 20, 11], [20, 56, 36, 10], [37, 57, 42, 27], [15, 6, 17, 4], [36, 27, 42, 10], [57, 48, 63, 42], [7, 45, 63, 48], [45, 28, 46, 63], [42, 63, 46, 10], [1, 47, 57, 37], [47, 26, 48, 57], [14, 3, 50, 2], [9, 51, 66, 18], [51, 28, 52, 66], [18, 66, 52, 8], [0, 30, 11, 23], [53, 36, 56, 30], [2, 50, 69, 13], [50, 26, 47, 69], [13, 69, 47, 1], [4, 48, 26, 21], [21, 26, 50, 3], [8, 52, 71, 22], [52, 28, 45, 71], [22, 71, 45, 7], [10, 46, 72, 19], [46, 28, 51, 72], [19, 72, 51, 9]]}