{"nodes": [[1.0, 4.5], [1.0, 3.0], [2.0, 2.8], [1.0, 2.5], [1.0, 1.0], [4.5, 1.0], [4.5, 2.5], [3.5, 2.8], [4.5, 3.0], [4.5, 4.5], [1.0, 3.750000000003035], [1.499999999998674, 2.900000000000265], [1.500000000001214, 2.650000000000364], [1.0, 1.75000000000154], [2.749999999996183, 1.0], [4.5, 1.749999999998414], [4.000000000001404, 2.649999999999578], [3.99999999999837, 2.899999999999674], [4.5, 3.749999999999113], [2.750000000005221, 4.5], [2.650984674746232, 2.109144078508514], [2.75240804487183, 2.13320393600537], [1.964747079530761, 1.994363489379958], [3.062500000000898, 3.7250000000004557], [2.747083333333333, 3.637201754385964], [1.686770833333333, 3.484300438596491], [2.561770833333333, 3.009300438596491], [2.349638961985661, 2.54666775485221], [2.5983956249890663, 2.8106934941532504], [3.123541666666666, 3.218600877192982], [2.373541666666666, 3.218600877192982], [1.343385416666667, 3.242150219298246], [1.6867708333333336, 3.6718004385964913], [4.15625, 3.986605263157895], [4.15625, 3.611605263157895], [2.117441479522022, 1.6920505351100017], [1.732373539765381, 2.3221817446899786], [4.020135879513282, 2.139737580840045], [4.020135879513282, 1.389737580840045], [3.3199553605061123, 2.1630714582661508], [1.982373539765381, 2.397181744689979], [2.03015625, 3.3514506578947367], [3.65625, 3.136605263157894], [2.216927083333333, 3.560751096491228], [2.573489583333333, 3.632402412280702], [3.119774841498943, 2.036405335692256], [2.2247269906365315, 1.9179500173260953], [3.452395833333333, 3.840103070175439], [3.623541666666666, 4.068600877192982], [2.4387547096393316, 2.043459662765012], [2.752509419278663, 1.886919325530024], [2.741060209550776, 2.8550895440150637], [2.749027777777778, 3.079067251461988], [1.457847222222222, 3.5728669590645805], [4.104166666666531, 3.374403508771829], [1.321582359843587, 1.831454496460243], [4.180090586342189, 1.759825053893099], [3.846757253009089, 2.359825053893293], [1.951437880018168, 2.1956869520620224], [1.510052083333223, 3.333816885965061], [3.937499999999728, 3.091070175438542], [2.4458506944444443, 3.472184576023391], [3.04712732699761, 3.0792801521244906], [3.246516560999295, 2.290936890461504], [2.221341667834027, 2.362566333028127], [3.2177777777782133, 4.041269005847953], [2.5145312500002177, 3.9575515350877195], [3.5967572530085374, 1.509825053893231], [2.168339612852442, 1.591279550353349], [3.686527777777778, 3.870137426900584], [2.734765587509549, 2.022391386921489]], "faces": [[18, 9, 19, 23], [13, 4, 14, 2], [5, 15, 2, 14], [15, 6, 16, 2], [12, 3, 13, 2], [1, 11, 7, 17], [7, 11, 2, 16], [17, 8, 18, 23], [10, 23, 19, 0], [23, 10, 1, 17]]}