{"nodes": [[1.0, 4.5], [0.5, 3.0], [1.0, 1.5], [2.5, 1.0], [4.5, 1.5], [4.5, 2.9], [2.5, 3.0], [4.5, 3.2], [4.5, 4.5], [2.5, 5.0], [0.7500000000009795, 3.750000000002939], [0.7499999999994191, 2.250000000001743], [1.749999999998573, 1.250000000000476], [3.499999999997795, 1.249999999999449], [4.5, 2.199999999995256], [3.500000000001583, 2.949999999999921], [3.49999999999768, 3.099999999999768], [4.5, 3.849999999997945], [3.500000000001493, 4.749999999999627], [1.750000000001386, 4.750000000000462], [3.3962264150941657, 3.8735849056597385], [3.462499999999999, 2.2], [2.9625, 4.425], [3.9625, 4.175], [3.98125, 1.85], [2.740625, 1.8], [1.5, 3.0], [1.75, 3.75], [2.0849056603774905, 3.7943396226416155], [1.75, 2.25], [2.5, 2.0], [3.4625, 3.8874999999999997], [2.9625, 3.925], [2.98125, 2.6], [3.1109375000000004, 2.1875], [3.475000000000249, 4.449999999999938], [3.487499999999632, 1.566666666666575], [1.333333333333496, 3.50000000000049], [1.5283018867932856, 4.098113207548338], [1.333333333333236, 2.50000000000029], [1.999999999999762, 1.833333333333413], [3.474999999999613, 3.349999999999962], [2.9489583333334055, 2.325000000000013], [2.808333333333334, 3.95], [2.4104166666665474, 1.9500000000000395], [3.808333333333458, 4.149999999999798], [3.6479166666664824, 1.8833333333330897]], "faces": [[18, 9, 28, 20], [3, 15, 6, 12], [1, 28, 38, 10], [28, 6, 16, 20], [10, 38, 19, 0], [28, 9, 19, 38], [11, 6, 28, 1], [3, 13, 4, 14], [12, 6, 11, 2], [16, 7, 17, 20], [3, 14, 5, 15], [17, 8, 18, 20]]}