{"nodes": [[0.0, 0.0], [1.0, 0.0], [1.0, 1.0], [0.0, 1.0], [0.4999999999999999, 0.0], [1.0, 0.4999999999999999], [0.5, 1.0], [0.0, 0.5], [0.5, 0.5], [0.5, 0.49999999999999983], [0.6666666666666666, 0.6666666666666666], [0.49999999999999994, 0.24999999999999992], [0.5416666666666666, 0.29166666666666663]], "faces": [[3, 7, 9, 8], [7, 0, 4, 11], [3, 8, 10, 6], [8, 9, 5, 10], [6, 10, 5, 2], [1, 5, 11, 4], [9, 7, 11, 5]]}