{"nodes": [[0.0, 0.0], [1.0, 0.0], [1.0, 1.0], [0.0, 1.0], [0.4999999999999999, 0.0], [1.0, 0.4999999999999999], [0.5, 1.0], [0.0, 0.5], [0.5, 0.5], [0.3333333333333333, 0.3333333333333333], [0.6666666666666666, 0.6666666666666666]], "faces": [[3, 7, 0, 8], [8, 0, 4, 9], [8, 9, 4, 1], [3, 8, 1, 6], [6, 1, 5, 10], [6, 10, 5, 2]]}