{"nodes": [[0.0, 0.0], [1.0, 0.0], [1.0, 1.0], [0.0, 1.0], [0.4999999999999999, 0.0], [1.0, 0.4999999999999999], [0.5, 1.0], [0.0, 0.5], [0.5, 0.5], [0.3333333333333333, 0.3333333333333333], [0.6666666666666666, 0.6666666666666666], [0.8333333333333333, 0.5833333333333333], [0.0, 0.5]], "faces": [[7, 0, 4, 9], [7, 9, 4, 1], [3, 7, 10, 6], [7, 1, 11, 10], [6, 10, 11, 2], [5, 2, 11, 1]]}