{"nodes": [[0.0, 0.0], [1.0, 0.0], [1.0, 1.0], [0.0, 1.0], [0.4999999999999999, 0.0], [1.0, 0.4999999999999999], [0.5, 1.0], [0.0, 0.5], [0.5, 0.5], [0.25, 0.25], [0.6666666666666666, 0.6666666666666666], [0.0, 0.0]], "faces": [[3, 7, 0, 9], [9, 0, 4, 1], [3, 8, 10, 6], [8, 1, 5, 10], [6, 10, 5, 2], [8, 3, 9, 1]]}