{"nodes": [[0.0, 0.0], [1.0, 0.0], [1.0, 1.0], [0.0, 1.0], [0.4999999999999999, 0.0], [1.0, 0.4999999999999999], [0.5, 1.0], [0.0, 0.5], [0.5, 0.5], [0.3333333333333333, 0.3333333333333333], [0.6666666666666666, 0.6666666666666666], [0.5833333333333333, 0.5833333333333333], [0.41666666666666663, 0.16666666666666666], [0.5833333333333333, 0.8333333333333333]], "faces": [[3, 7, 9, 8], [7, 0, 12, 9], [8, 9, 12, 1], [3, 11, 10, 6], [11, 1, 5, 10], [6, 10, 5, 2], [8, 1, 11, 3], [4, 1, 12, 0]]}