{"nodes": [[0.0, 0.0], [1.0, 0.0], [1.0, 1.0], [0.0, 1.0], [0.4999999999999999, 0.0], [1.0, 0.4999999999999999], [0.5, 1.0], [0.0, 0.5], [0.5, 0.5], [0.3333333333333333, 0.3333333333333333], [0.6666666666666666, 0.6666666666666666], [0.16666666666666666, 0.41666666666666663], [0.41666666666666663, 0.41666666666666663]], "faces": [[3, 11, 12, 8], [11, 0, 4, 9], [8, 12, 4, 1], [3, 8, 10, 6], [8, 1, 5, 10], [6, 10, 5, 2], [7, 0, 11, 3], [9, 4, 12, 11]]}