{"nodes": [[0.0, 0.0], [1.0, 0.0], [1.0, 1.0], [0.0, 1.0], [0.4999999999999999, 0.0], [1.0, 0.4999999999999999], [0.5, 1.0], [0.0, 0.5], [0.5, 0.5], [0.3333333333333333, 0.3333333333333333], [0.6666666666666666, 0.6666666666666666], [0.8333333333333333, 0.5833333333333333]], "faces": [[3, 7, 9, 8], [7, 0, 4, 9], [5, 9, 4, 1], [3, 8, 10, 6], [9, 5, 11, 8], [6, 11, 5, 2], [10, 8, 11, 6]]}