{"nodes": [[0.0, 0.0], [1.0, 0.0], [1.0, 1.0], [0.0, 1.0], [0.4999999999999999, 0.0], [1.0, 0.4999999999999999], [0.5, 1.0], [0.0, 0.5], [0.5, 0.5], [0.3333333333333333, 0.3333333333333333], [0.25, 0.25], [0.0, 1.0]], "faces": [[3, 7, 10, 8], [8, 10, 4, 9], [8, 9, 4, 1], [8, 1, 5, 3], [6, 3, 5, 2], [0, 4, 10, 7]]}