{"nodes": [[0.0, 0.0], [1.0, 0.0], [1.0, 1.0], [0.0, 1.0], [0.4999999999999999, 0.0], [1.0, 0.4999999999999999], [0.5, 1.0], [0.0, 0.5], [0.5, 0.5], [0.3333333333333333, 0.3333333333333333], [0.5, 1.0], [1.0, 1.0]], "faces": [[3, 7, 9, 6], [7, 0, 4, 9], [6, 9, 4, 1], [6, 1, 5, 2]]}