{"nodes": [[0.5, 4.5], [0.5, 3.0], [2.0, 3.0], [0.5, 2.5], [0.5, 1.0], [4.5, 1.0], [4.5, 2.5], [3.0, 3.0], [4.5, 3.0], [4.5, 4.5], [0.5, 3.750000000003035], [1.249999999998018, 3.0], [1.250000000002276, 2.750000000000759], [0.5, 1.75000000000154], [4.5, 1.749999999998414], [3.750000000003224, 2.749999999998925], [3.749999999999113, 3.0], [4.5, 3.749999999999113], [2.499999999992484, 1.0], [2.500000000006308, 4.5], [3.2975511471190355, 1.7189255817865425], [1.91018540555192, 1.835743319031532], [2.575657848072011, 2.386387987565991], [2.375, 3.625], [3.59375, 3.53125], [3.171890184645286, 2.434726271460965], [2.4198314287395872, 1.7911397526873925], [1.20509270277596, 2.167871659515766], [1.95509270277596, 2.417871659515766], [2.6171875, 3.53125], [1.4375, 3.3125], [4.046875, 3.265625], [3.40625, 3.4375], [2.59375, 3.15625], [2.428701784963661, 2.549768735155087], [2.781745721855311, 2.713149482744183], [2.6481962995708077, 2.4901406768148764], [1.5144488676072299, 1.8285489720211778], [1.20509270277596, 1.417871659515766], [3.921890184645286, 1.434726271460965], [1.4375, 4.0625], [4.046875, 3.640625], [3.421875, 3.75], [2.916037795098603, 1.635234795246249], [2.626982887421246, 1.852597930976732], [3.515625, 3.609375], [2.6875, 3.3125], [3.614593456430728, 2.456484180973798], [1.470061801851019, 2.445247773010637], [2.0872395833331683, 3.3346354166666665], [3.6458333333332593, 3.3541666666666665], [2.521163814570208, 2.808766321829455], [2.3898776899203154, 1.9476849057096652], [2.157892283087514, 2.420680761506633], [0.9700618018506398, 1.778581106344101], [4.114593456430191, 1.789817514307046], [1.125, 3.708333333333839], [4.197916666666667, 3.677083333333185], [1.7916666666671925, 3.958333333333586], [3.5833333333319026, 1.8333333333324464], [3.251321924947498, 1.568398620651154], [3.84375, 3.7812499999999263], [2.605819072851038, 2.043831609147276], [2.5494791666666665, 3.4609375], [2.989583333333333, 3.385416666666667]], "faces": [[2, 15, 7, 11], [12, 3, 13, 2], [1, 11, 7, 10], [7, 16, 8, 17], [13, 4, 18, 2], [59, 14, 6, 15], [0, 10, 7, 19], [7, 17, 9, 19], [2, 18, 59, 15], [18, 5, 14, 59]]}