{"nodes": [[2.0, 4.5], [2.0, 3.0], [0.5, 3.0], [0.5, 1.5], [4.5, 1.5], [4.5, 3.0], [3.0, 3.0], [3.0, 4.5], [2.0, 3.750000000003035], [1.250000000001982, 3.0], [0.5, 2.250000000001706], [2.499999999992484, 1.5], [4.5, 2.249999999998248], [3.750000000003035, 3.0], [3.0, 3.749999999999113], [2.5, 4.5], [2.5, 3.75], [1.75, 2.3333333333334756], [3.59375, 2.46875], [1.4375, 2.6875], [1.8125, 2.5], [3.296875, 2.734375], [4.046875, 2.734375], [2.75, 3.375], [2.25, 3.375], [2.375, 3.1875], [2.53125, 3.515625], [2.75, 4.125], [1.4375, 2.3125], [3.89453125, 2.34765625], [3.4375, 1.9375], [3.439453125, 2.384765625], [2.0950704225350667, 2.5880281690140823], [1.62500000000033, 2.791666666666667], [3.645833333333586, 2.6458333333333335], [2.5, 3.875], [2.5, 4.25], [1.125, 2.291666666666951], [4.197916666666667, 2.322916666666375], [2.166666666666667, 3.750000000000506], [2.973958333332707, 1.953125], [3.489583333333333, 2.114583333333333], [2.6690140845076202, 3.517605633803246], [2.0416666666668313, 2.791666666666667], [3.2112676056326466, 2.3345070422530827]], "faces": [[10, 1, 9, 2], [32, 42, 8, 1], [5, 13, 44, 12], [42, 13, 6, 14], [11, 4, 12, 44], [3, 32, 1, 10], [7, 15, 42, 14], [15, 0, 8, 42], [44, 32, 3, 11], [32, 44, 13, 42]]}