{"nodes": [[2.5, 4.5], [1.0, 3.5], [1.0, 2.0], [2.5, 1.0], [4.0, 2.0], [4.0, 3.5], [1.750000000001798, 4.000000000001199], [1.0, 2.75000000000131], [1.749999999998266, 1.500000000001156], [3.249999999998457, 1.499999999998971], [4.0, 2.74999999999869], [3.250000000001689, 3.999999999998874], [2.5000000000000138, 2.750000000000013], [1.7500000000002047, 3.1458333333336173], [2.5000000000003926, 3.6041666666666794], [3.2500000000001954, 3.1458333333330692], [2.499999999999641, 1.8958333333333526], [1.7499999999998153, 2.3541666666669476], [3.2499999999998335, 2.354166666666412], [2.0000000000007985, 3.5833333333338317], [3.000000000000759, 3.583333333332874], [1.9999999999992408, 1.9166666666671521], [2.9999999999993108, 1.916666666666245], [1.5000000000000064, 2.7500000000006253], [3.5000000000000093, 2.7499999999993903]], "faces": [[0, 6, 19, 14], [6, 1, 13, 19], [14, 19, 13, 12], [5, 11, 20, 15], [11, 0, 14, 20], [15, 20, 14, 12], [2, 8, 21, 17], [8, 3, 16, 21], [17, 21, 16, 12], [3, 9, 22, 16], [9, 4, 18, 22], [16, 22, 18, 12], [1, 7, 23, 13], [7, 2, 17, 23], [13, 23, 17, 12], [4, 10, 24, 18], [10, 5, 15, 24], [18, 24, 15, 12]]}