{"nodes": [[4.0, 4.5], [0.5, 4.5], [0.5, 1.0], [4.0, 1.0], [4.0, 2.5], [2.5, 2.7], [4.0, 3.0], [2.250000000003726, 4.5], [0.5, 2.750000000005221], [2.24999999999597, 1.0], [4.0, 1.749999999998414], [3.250000000001287, 2.599999999999829], [3.249999999998776, 2.849999999999755], [4.0, 3.749999999999113], [3.25, 1.85], [1.5, 1.85], [3.343750000000161, 1.9312499999997803], [3.25, 3.6], [1.7499999999996645, 2.150000000000435], [2.333333333333954, 3.9], [3.1666666666675005, 3.6999999999996227], [1.166666666666667, 2.733333333334203], [3.5312500000004827, 2.093749999999341]], "faces": [[3, 16, 5, 9], [8, 5, 7, 1], [5, 12, 20, 7], [12, 6, 13, 20], [7, 20, 13, 0], [9, 5, 8, 2], [4, 11, 22, 10], [11, 5, 16, 22], [10, 22, 16, 3]]}